breadth,dv,amplitude
0,-0.021,0.0204458
0,-0.022000000000000002,0.021251
0,-0.023,0.0220554
0,-0.024,0.0228588
0,-0.025,0.0236613
0,-0.026000000000000002,0.024462900000000003
0,-0.027000000000000003,0.025729900000000003
0,-0.027999999999999997,0.0265442
0,-0.028999999999999998,0.0273574
0,-0.03,0.028169599999999996
0,-0.031000000000000003,0.0289808
0,-0.032,0.029790800000000003
0,-0.033,0.030599900000000003
0,-0.034,0.0314079
0,-0.035,0.032214799999999995
0,-0.036000000000000004,0.0330207
0,-0.037000000000000005,0.0338256
0,-0.038,0.0346295
0,-0.039,0.03543230000000001
0,-0.04,0.0362342
0,-0.040999999999999995,0.037035000000000005
0,-0.042,0.0378349
0,-0.043,0.0386337
0,-0.044000000000000004,0.0394316
0,-0.045,0.0402285
0,-0.046,0.0410244
0,-0.047,0.0418194
0,-0.048,0.0426134
0,-0.049,0.043406400000000005
0,-0.05,0.0441986
0,-0.051,0.0449897
0,-0.052000000000000005,0.04578
0,-0.053,0.046569400000000004
0,-0.054000000000000006,0.047357800000000005
0,-0.055,0.0481454
0,-0.055999999999999994,0.048931999999999996
0,-0.057,0.049717800000000006
0,-0.057999999999999996,0.0505026
0,-0.059000000000000004,0.0512867
0,-0.06,0.0520698
0,-0.061,0.0528521
0,-0.062000000000000006,0.0536335
0,-0.063,0.05441409999999999
0,-0.064,0.0551939
0,-0.065,0.0559728
0,-0.066,0.0567509
0,-0.067,0.057528199999999995
0,-0.068,0.0583047
0,-0.069,0.0590803
0,-0.07,0.059855200000000004
0,-0.071,0.060629300000000004
0,-0.07200000000000001,0.061402599999999995
0,-0.073,0.06217519999999999
0,-0.07400000000000001,0.0629469
0,-0.075,0.0637179
0,-0.076,0.0644882
0,-0.077,0.0652577
0,-0.078,0.06602639999999999
0,-0.079,0.0667945
0,-0.08,0.0675617
0,-0.081,0.06832830000000001
0,-0.08199999999999999,0.0690941
0,-0.083,0.06985930000000001
0,-0.084,0.0706237
0,-0.085,0.07138739999999999
0,-0.086,0.07215039999999999
0,-0.087,0.0729128
0,-0.08800000000000001,0.07367439999999999
0,-0.08900000000000001,0.0744354
0,-0.09,0.0751957
0,-0.091,0.0759553
0,-0.092,0.0767143
0,-0.09300000000000001,0.07747260000000002
0,-0.094,0.0782303
0,-0.095,0.07898730000000001
0,-0.096,0.0797437
0,-0.09699999999999999,0.08049939999999998
0,-0.098,0.0812545
0,-0.099,0.082009
0,-0.1,0.08276289999999999
0,-0.10099999999999999,0.0835162
0,-0.102,0.0842688
0,-0.10300000000000001,0.08502080000000001
0,-0.10400000000000001,0.08577230000000001
0,-0.105,0.0865231
0,-0.106,0.08727339999999999
0,-0.107,0.088023
0,-0.10800000000000001,0.0887721
0,-0.109,0.0895206
0,-0.11,0.0902686
0,-0.111,0.091016
0,-0.11199999999999999,0.0917628
0,-0.113,0.09250900000000001
0,-0.114,0.0932547
0,-0.115,0.0939999
0,-0.11599999999999999,0.09474450000000001
0,-0.11699999999999999,0.0954886
0,-0.11800000000000001,0.0962321
0,-0.11900000000000001,0.09697510000000001
0,-0.12,0.0977176
0,-0.121,0.0984595
0,-0.122,0.0992009
0,-0.12300000000000001,0.0993898
0,-0.12400000000000001,0.0993922
0,-0.125,0.0993943
0,-0.126,0.0993963
0,-0.127,0.09939810000000002
0,-0.128,0.09939980000000001
0,-0.129,0.0994013
0,-0.13,0.09940260000000001
0,-0.131,0.0994037
0,-0.132,0.09940460000000001
0,-0.133,0.09940539999999999
0,-0.134,0.099406
0,-0.135,0.0997115
0,-0.136,0.10038899999999999
0,-0.13699999999999998,0.101066
0,-0.138,0.101743
0,-0.139,0.10241900000000001
0,-0.14,0.103095
0,-0.141,0.10377
0,-0.142,0.10444500000000001
0,-0.14300000000000002,0.10512
0,-0.14400000000000002,0.105794
0,-0.145,0.10646800000000001
0,-0.146,0.10714100000000001
0,-0.147,0.10781400000000001
0,-0.14800000000000002,0.10848699999999999
0,-0.149,0.10915899999999999
0,-0.15,0.109831
0,-0.151,0.110503
0,-0.152,0.111174
0,-0.153,0.111845
0,-0.154,0.112515
0,-0.155,0.113186
0,-0.156,0.113855
0,-0.157,0.114525
0,-0.158,0.115194
0,-0.159,0.11586300000000001
0,-0.16,0.116531
0,-0.161,0.117199
0,-0.162,0.11786700000000001
0,-0.163,0.11853399999999999
0,-0.16399999999999998,0.119201
0,-0.165,0.119868
0,-0.166,0.12053499999999999
0,-0.167,0.121201
0,-0.168,0.121867
0,-0.16899999999999998,0.12253199999999999
0,-0.17,0.123197
0,-0.171,0.12386199999999999
0,-0.172,0.124527
0,-0.17300000000000001,0.125191
0,-0.174,0.125855
0,-0.17500000000000002,0.12651800000000002
0,-0.17600000000000002,0.127182
0,-0.177,0.12784500000000001
0,-0.17800000000000002,0.12850799999999998
0,-0.179,0.12917
0,-0.18,0.129832
0,-0.18100000000000002,0.130494
0,-0.182,0.131156
0,-0.18300000000000002,0.13181700000000002
0,-0.184,0.13247799999999998
0,-0.185,0.133139
0,-0.18600000000000003,0.1338
0,-0.187,0.13446
0,-0.188,0.13512000000000002
0,-0.189,0.13577999999999998
0,-0.19,0.13644
0,-0.19100000000000003,0.137099
0,-0.192,0.137758
0,-0.193,0.138417
0,-0.19399999999999998,0.139075
0,-0.195,0.139734
0,-0.196,0.14039200000000002
0,-0.197,0.141049
0,-0.198,0.141707
0,-0.19899999999999998,0.14236400000000002
0,-0.2,0.143021
5,-0.022000000000000002,0.0206083
5,-0.023,0.0213841
5,-0.024,0.0221592
5,-0.025,0.0229333
5,-0.026000000000000002,0.0237067
5,-0.027000000000000003,0.0244791
5,-0.027999999999999997,0.0252507
5,-0.028999999999999998,0.0260214
5,-0.03,0.026791200000000005
5,-0.031000000000000003,0.0275601
5,-0.032,0.028328199999999998
5,-0.033,0.0290954
5,-0.034,0.0298616
5,-0.035,0.030627099999999997
5,-0.036000000000000004,0.0313916
5,-0.037000000000000005,0.0327468
5,-0.038,0.0335236
5,-0.039,0.034299500000000004
5,-0.04,0.0350745
5,-0.040999999999999995,0.0358486
5,-0.042,0.0366219
5,-0.043,0.037394300000000005
5,-0.044000000000000004,0.0381658
5,-0.045,0.0389365
5,-0.046,0.0397064
5,-0.047,0.0404754
5,-0.048,0.0412436
5,-0.049,0.042011
5,-0.05,0.0427776
5,-0.051,0.04354330000000001
5,-0.052000000000000005,0.0443083
5,-0.053,0.0450725
5,-0.054000000000000006,0.045835900000000006
5,-0.055,0.0465986
5,-0.055999999999999994,0.0473605
5,-0.057,0.0481216
5,-0.057999999999999996,0.048882
5,-0.059000000000000004,0.0496416
5,-0.06,0.0504005
5,-0.061,0.0511587
5,-0.062000000000000006,0.05191609999999999
5,-0.063,0.052672800000000006
5,-0.064,0.0534288
5,-0.065,0.054184
5,-0.066,0.0549386
5,-0.067,0.05569249999999999
5,-0.068,0.05644580000000001
5,-0.069,0.05719830000000001
5,-0.07,0.05795019999999999
5,-0.071,0.0587014
5,-0.07200000000000001,0.0594519
5,-0.073,0.0602018
5,-0.07400000000000001,0.060951
5,-0.075,0.0616996
5,-0.076,0.0624129
5,-0.077,0.0631606
5,-0.078,0.0639078
5,-0.079,0.0646544
5,-0.08,0.0654004
5,-0.081,0.0661457
5,-0.08199999999999999,0.06689049999999999
5,-0.083,0.06763469999999999
5,-0.084,0.06837819999999999
5,-0.085,0.0691212
5,-0.086,0.06986360000000001
5,-0.087,0.0706055
5,-0.08800000000000001,0.0713467
5,-0.08900000000000001,0.0720875
5,-0.09,0.0728276
5,-0.091,0.0735672
5,-0.092,0.0743062
5,-0.09300000000000001,0.0750447
5,-0.094,0.0757826
5,-0.095,0.07652
5,-0.096,0.07725689999999999
5,-0.09699999999999999,0.0779932
5,-0.098,0.078729
5,-0.099,0.07946439999999999
5,-0.1,0.08019910000000001
5,-0.10099999999999999,0.08093339999999999
5,-0.102,0.0816671
5,-0.10300000000000001,0.08240030000000001
5,-0.10400000000000001,0.0831331
5,-0.105,0.0838653
5,-0.106,0.0845971
5,-0.107,0.0853283
5,-0.10800000000000001,0.0860591
5,-0.109,0.0867893
5,-0.11,0.0875191
5,-0.111,0.08824839999999999
5,-0.11199999999999999,0.08897730000000001
5,-0.113,0.08970560000000001
5,-0.114,0.0904335
5,-0.115,0.091161
5,-0.11599999999999999,0.091888
5,-0.11699999999999999,0.0926145
5,-0.11800000000000001,0.09334049999999999
5,-0.11900000000000001,0.0940661
5,-0.12,0.0947913
5,-0.121,0.095516
5,-0.122,0.0962403
5,-0.12300000000000001,0.09696410000000001
5,-0.12400000000000001,0.0976875
5,-0.125,0.0984105
5,-0.126,0.099133
5,-0.127,0.0998551
5,-0.128,0.100241
5,-0.129,0.100241
5,-0.13,0.100241
5,-0.131,0.100241
5,-0.132,0.100241
5,-0.133,0.10024
5,-0.134,0.100239
5,-0.135,0.100238
5,-0.136,0.100237
5,-0.13699999999999998,0.100236
5,-0.138,0.100235
5,-0.139,0.100233
5,-0.14,0.10030900000000001
5,-0.141,0.100972
5,-0.142,0.101636
5,-0.14300000000000002,0.102299
5,-0.14400000000000002,0.10288399999999999
5,-0.145,0.103546
5,-0.146,0.104208
5,-0.147,0.10487
5,-0.14800000000000002,0.105531
5,-0.149,0.10619200000000001
5,-0.15,0.106853
5,-0.151,0.10751400000000001
5,-0.152,0.108174
5,-0.153,0.10883399999999999
5,-0.154,0.10949300000000001
5,-0.155,0.110152
5,-0.156,0.11081099999999999
5,-0.157,0.11147
5,-0.158,0.11212799999999999
5,-0.159,0.11278599999999998
5,-0.16,0.113444
5,-0.161,0.114101
5,-0.162,0.114758
5,-0.163,0.115415
5,-0.16399999999999998,0.11607200000000001
5,-0.165,0.116728
5,-0.166,0.11738399999999999
5,-0.167,0.11804
5,-0.168,0.11869500000000001
5,-0.16899999999999998,0.11935
5,-0.17,0.120005
5,-0.171,0.12065899999999999
5,-0.172,0.121314
5,-0.17300000000000001,0.12196800000000001
5,-0.174,0.12262100000000001
5,-0.17500000000000002,0.123275
5,-0.17600000000000002,0.123928
5,-0.177,0.124581
5,-0.17800000000000002,0.12523399999999998
5,-0.179,0.125886
5,-0.18,0.126538
5,-0.18100000000000002,0.12719
5,-0.182,0.127842
5,-0.18300000000000002,0.128493
5,-0.184,0.129144
5,-0.185,0.129795
5,-0.18600000000000003,0.130445
5,-0.187,0.131096
5,-0.188,0.131746
5,-0.189,0.132395
5,-0.19,0.133045
5,-0.19100000000000003,0.133694
5,-0.192,0.13434300000000002
5,-0.193,0.134992
5,-0.19399999999999998,0.13564
5,-0.195,0.13628900000000002
5,-0.196,0.136936
5,-0.197,0.13758399999999998
5,-0.198,0.138232
5,-0.19899999999999998,0.138879
5,-0.2,0.139526
10,-0.025,0.020654
10,-0.026000000000000002,0.021685299999999998
10,-0.027000000000000003,0.022380700000000003
10,-0.027999999999999997,0.0230753
10,-0.028999999999999998,0.0237361
10,-0.03,0.0244294
10,-0.031000000000000003,0.025122
10,-0.032,0.0258137
10,-0.033,0.0265046
10,-0.034,0.027194799999999998
10,-0.035,0.027884199999999998
10,-0.036000000000000004,0.028572800000000002
10,-0.037000000000000005,0.029260599999999998
10,-0.038,0.0299476
10,-0.039,0.030633799999999996
10,-0.04,0.0313193
10,-0.040999999999999995,0.032004000000000005
10,-0.042,0.032688
10,-0.043,0.0333712
10,-0.044000000000000004,0.0340536
10,-0.045,0.0347352
10,-0.046,0.0354161
10,-0.047,0.036096300000000005
10,-0.048,0.0367756
10,-0.049,0.0374543
10,-0.05,0.0381322
10,-0.051,0.0388094
10,-0.052000000000000005,0.039485900000000004
10,-0.053,0.040161699999999995
10,-0.054000000000000006,0.0408367
10,-0.055,0.041511
10,-0.055999999999999994,0.0421847
10,-0.057,0.042857599999999996
10,-0.057999999999999996,0.0435298
10,-0.059000000000000004,0.0442014
10,-0.06,0.0448722
10,-0.061,0.045542400000000004
10,-0.062000000000000006,0.0462119
10,-0.063,0.0468807
10,-0.064,0.0475488
10,-0.065,0.048216300000000004
10,-0.066,0.048845400000000004
10,-0.067,0.049512400000000005
10,-0.068,0.0501788
10,-0.069,0.0508445
10,-0.07,0.0515096
10,-0.071,0.052174
10,-0.07200000000000001,0.0528379
10,-0.073,0.053501099999999996
10,-0.07400000000000001,0.054163699999999995
10,-0.075,0.0548257
10,-0.076,0.055487
10,-0.077,0.056147800000000005
10,-0.078,0.056808000000000004
10,-0.079,0.0574675
10,-0.08,0.0581265
10,-0.081,0.058784800000000005
10,-0.08199999999999999,0.05944259999999999
10,-0.083,0.0600998
10,-0.084,0.060756399999999995
10,-0.085,0.0614124
10,-0.086,0.062067899999999995
10,-0.087,0.06272269999999999
10,-0.08800000000000001,0.063377
10,-0.08900000000000001,0.0640307
10,-0.09,0.06468380000000001
10,-0.091,0.0653364
10,-0.092,0.0659883
10,-0.09300000000000001,0.0666398
10,-0.094,0.0672906
10,-0.095,0.0679409
10,-0.096,0.0685906
10,-0.09699999999999999,0.0692398
10,-0.098,0.06988839999999999
10,-0.099,0.0705365
10,-0.1,0.0711841
10,-0.10099999999999999,0.07183819999999999
10,-0.102,0.0724857
10,-0.10300000000000001,0.0731327
10,-0.10400000000000001,0.07377919999999999
10,-0.105,0.0744252
10,-0.106,0.0750706
10,-0.107,0.07571549999999999
10,-0.10800000000000001,0.0763599
10,-0.109,0.0770037
10,-0.11,0.07764700000000001
10,-0.111,0.0782898
10,-0.11199999999999999,0.0789321
10,-0.113,0.0795738
10,-0.114,0.08021510000000001
10,-0.115,0.0808558
10,-0.11599999999999999,0.081496
10,-0.11699999999999999,0.08213560000000002
10,-0.11800000000000001,0.08277480000000001
10,-0.11900000000000001,0.08341339999999998
10,-0.12,0.0840515
10,-0.121,0.08468919999999999
10,-0.122,0.08532619999999999
10,-0.12300000000000001,0.0859628
10,-0.12400000000000001,0.08659889999999999
10,-0.125,0.0872345
10,-0.126,0.0878695
10,-0.127,0.088504
10,-0.128,0.089138
10,-0.129,0.08977160000000001
10,-0.13,0.0904045
10,-0.131,0.09103710000000001
10,-0.132,0.091669
10,-0.133,0.0923005
10,-0.134,0.09286760000000001
10,-0.135,0.09349930000000001
10,-0.136,0.09413060000000001
10,-0.13699999999999998,0.0947614
10,-0.138,0.0953917
10,-0.139,0.0960216
10,-0.14,0.09665089999999998
10,-0.141,0.0972798
10,-0.142,0.0979081
10,-0.14300000000000002,0.098536
10,-0.14400000000000002,0.0988105
10,-0.145,0.0988073
10,-0.146,0.098804
10,-0.147,0.0988005
10,-0.14800000000000002,0.0987967
10,-0.149,0.0987928
10,-0.15,0.0987886
10,-0.151,0.0987842
10,-0.152,0.09877960000000001
10,-0.153,0.09877489999999998
10,-0.154,0.0987699
10,-0.155,0.09876460000000001
10,-0.156,0.0987592
10,-0.157,0.0988748
10,-0.158,0.0994548
10,-0.159,0.100034
10,-0.16,0.100613
10,-0.161,0.10119199999999999
10,-0.162,0.10177
10,-0.163,0.10234800000000001
10,-0.16399999999999998,0.102926
10,-0.165,0.103503
10,-0.166,0.10408099999999999
10,-0.167,0.10446400000000002
10,-0.168,0.10504100000000001
10,-0.16899999999999998,0.105617
10,-0.17,0.10619300000000001
10,-0.171,0.106769
10,-0.172,0.10734400000000001
10,-0.17300000000000001,0.107918
10,-0.174,0.108493
10,-0.17500000000000002,0.10906700000000001
10,-0.17600000000000002,0.10964000000000002
10,-0.177,0.110213
10,-0.17800000000000002,0.110786
10,-0.179,0.111358
10,-0.18,0.11193
10,-0.18100000000000002,0.112502
10,-0.182,0.113073
10,-0.18300000000000002,0.115603
10,-0.184,0.116184
10,-0.185,0.116763
10,-0.18600000000000003,0.117343
10,-0.187,0.117922
10,-0.188,0.1185
10,-0.189,0.11907899999999999
10,-0.19,0.119656
10,-0.19100000000000003,0.120234
10,-0.192,0.12081099999999999
10,-0.193,0.12138800000000001
10,-0.19399999999999998,0.12196400000000002
10,-0.195,0.12254000000000001
10,-0.196,0.123116
10,-0.197,0.12369300000000001
10,-0.198,0.12422899999999999
10,-0.19899999999999998,0.124805
10,-0.2,0.125381
15,-0.028999999999999998,0.0204787
15,-0.03,0.0210616
15,-0.031000000000000003,0.021643799999999998
15,-0.032,0.022225400000000003
15,-0.033,0.0228064
15,-0.034,0.023386700000000003
15,-0.035,0.023966400000000002
15,-0.036000000000000004,0.024545400000000002
15,-0.037000000000000005,0.0250916
15,-0.038,0.0260402
15,-0.039,0.0266264
15,-0.04,0.027212
15,-0.040999999999999995,0.0277969
15,-0.042,0.0283811
15,-0.043,0.0289647
15,-0.044000000000000004,0.0295476
15,-0.045,0.0301298
15,-0.046,0.030711400000000003
15,-0.047,0.0312923
15,-0.048,0.031872500000000005
15,-0.049,0.0324521
15,-0.05,0.0330309
15,-0.051,0.0336092
15,-0.052000000000000005,0.034186699999999993
15,-0.053,0.0347636
15,-0.054000000000000006,0.0353399
15,-0.055,0.0359154
15,-0.055999999999999994,0.0364904
15,-0.057,0.037064599999999996
15,-0.057999999999999996,0.0376382
15,-0.059000000000000004,0.038211199999999994
15,-0.06,0.0387835
15,-0.061,0.03935519999999999
15,-0.062000000000000006,0.0398862
15,-0.063,0.0404578
15,-0.064,0.041028800000000004
15,-0.065,0.041599199999999996
15,-0.066,0.0421689
15,-0.067,0.042738099999999994
15,-0.068,0.0433066
15,-0.069,0.0438746
15,-0.07,0.044441900000000006
15,-0.071,0.0450086
15,-0.07200000000000001,0.045574800000000006
15,-0.073,0.0461403
15,-0.07400000000000001,0.046705199999999995
15,-0.075,0.047269599999999995
15,-0.076,0.0478333
15,-0.077,0.0483964
15,-0.078,0.048958999999999996
15,-0.079,0.0495209
15,-0.08,0.05008219999999999
15,-0.081,0.050643
15,-0.08199999999999999,0.051203099999999994
15,-0.083,0.051762699999999995
15,-0.084,0.0523216
15,-0.085,0.05288009999999999
15,-0.086,0.053439999999999994
15,-0.087,0.053998800000000007
15,-0.08800000000000001,0.054557100000000004
15,-0.08900000000000001,0.055114800000000005
15,-0.09,0.0556719
15,-0.091,0.056228499999999994
15,-0.092,0.0567845
15,-0.09300000000000001,0.057339999999999995
15,-0.094,0.057894900000000006
15,-0.095,0.05844919999999999
15,-0.096,0.059003
15,-0.09699999999999999,0.059556200000000004
15,-0.098,0.06010880000000001
15,-0.099,0.060660900000000004
15,-0.1,0.0612124
15,-0.10099999999999999,0.0617634
15,-0.102,0.06231369999999999
15,-0.10300000000000001,0.06286359999999999
15,-0.10400000000000001,0.0634128
15,-0.105,0.0639615
15,-0.106,0.0645096
15,-0.107,0.0650571
15,-0.10800000000000001,0.0656043
15,-0.109,0.06608439999999999
15,-0.11,0.0666321
15,-0.111,0.0671793
15,-0.11199999999999999,0.06772589999999999
15,-0.113,0.068272
15,-0.114,0.06881749999999999
15,-0.115,0.0693625
15,-0.11599999999999999,0.0699069
15,-0.11699999999999999,0.07045080000000001
15,-0.11800000000000001,0.07099420000000001
15,-0.11900000000000001,0.071537
15,-0.12,0.0720792
15,-0.121,0.07262080000000001
15,-0.122,0.07316189999999999
15,-0.12300000000000001,0.0737025
15,-0.12400000000000001,0.07424249999999999
15,-0.125,0.0747819
15,-0.126,0.0753207
15,-0.127,0.07585900000000001
15,-0.128,0.0763967
15,-0.129,0.0769339
15,-0.13,0.0774704
15,-0.131,0.07798630000000001
15,-0.132,0.0785242
15,-0.133,0.0790615
15,-0.134,0.0795982
15,-0.135,0.0801344
15,-0.136,0.08067
15,-0.13699999999999998,0.0812051
15,-0.138,0.08173960000000001
15,-0.139,0.08227360000000002
15,-0.14,0.082807
15,-0.141,0.0833398
15,-0.142,0.0838721
15,-0.14300000000000002,0.0844038
15,-0.14400000000000002,0.0849349
15,-0.145,0.0854655
15,-0.146,0.0859955
15,-0.147,0.08652489999999999
15,-0.14800000000000002,0.0870538
15,-0.149,0.08758200000000001
15,-0.15,0.0881097
15,-0.151,0.0886368
15,-0.152,0.0891643
15,-0.153,0.0896535
15,-0.154,0.0901816
15,-0.155,0.0907091
15,-0.156,0.091236
15,-0.157,0.0917624
15,-0.158,0.0922883
15,-0.159,0.09281360000000001
15,-0.16,0.0933383
15,-0.161,0.09386239999999998
15,-0.162,0.094386
15,-0.163,0.0949091
15,-0.16399999999999998,0.0954315
15,-0.165,0.0959534
15,-0.166,0.0964748
15,-0.167,0.0969955
15,-0.168,0.0975157
15,-0.16899999999999998,0.0980353
15,-0.17,0.0985544
15,-0.171,0.0990728
15,-0.172,0.0992043
15,-0.17300000000000001,0.0991968
15,-0.174,0.0992507
15,-0.17500000000000002,0.0992447
15,-0.17600000000000002,0.09923839999999999
15,-0.177,0.0992318
15,-0.17800000000000002,0.09922510000000001
15,-0.179,0.0992181
15,-0.18,0.0992108
15,-0.18100000000000002,0.0992034
15,-0.182,0.0991957
15,-0.18300000000000002,0.09918769999999999
15,-0.184,0.09917949999999999
15,-0.185,0.0991711
15,-0.18600000000000003,0.0991625
15,-0.187,0.0994136
15,-0.188,0.0998975
15,-0.189,0.100381
15,-0.19,0.100865
15,-0.19100000000000003,0.10134800000000001
15,-0.192,0.10182999999999999
15,-0.193,0.102312
15,-0.19399999999999998,0.102797
15,-0.195,0.103207
15,-0.196,0.10369
15,-0.197,0.104174
15,-0.198,0.104656
15,-0.19899999999999998,0.10513900000000001
15,-0.2,0.10562
20,-0.036000000000000004,0.0210328
20,-0.037000000000000005,0.021513
20,-0.038,0.0219927
20,-0.039,0.0224718
20,-0.04,0.022950400000000003
20,-0.040999999999999995,0.023428499999999998
20,-0.042,0.0238727
20,-0.043,0.024350599999999997
20,-0.044000000000000004,0.024828
20,-0.045,0.0253049
20,-0.046,0.026097500000000003
20,-0.047,0.0265793
20,-0.048,0.0270605
20,-0.049,0.027541200000000002
20,-0.05,0.0280212
20,-0.051,0.028500599999999997
20,-0.052000000000000005,0.028979500000000002
20,-0.053,0.0294577
20,-0.054000000000000006,0.029935400000000004
20,-0.055,0.030412400000000003
20,-0.055999999999999994,0.030888799999999998
20,-0.057,0.03136459999999999
20,-0.057999999999999996,0.031839799999999994
20,-0.059000000000000004,0.0323144
20,-0.06,0.0327445
20,-0.061,0.0332194
20,-0.062000000000000006,0.0336938
20,-0.063,0.0341675
20,-0.064,0.034640699999999996
20,-0.065,0.03511330000000001
20,-0.066,0.0355854
20,-0.067,0.0360569
20,-0.068,0.0365278
20,-0.069,0.036998199999999995
20,-0.07,0.037468
20,-0.071,0.0379372
20,-0.07200000000000001,0.038405800000000004
20,-0.073,0.0388739
20,-0.07400000000000001,0.0388625
20,-0.075,0.039323699999999996
20,-0.076,0.0397844
20,-0.077,0.0402445
20,-0.078,0.0407019
20,-0.079,0.0411629
20,-0.08,0.0416233
20,-0.081,0.0420832
20,-0.08199999999999999,0.0425426
20,-0.083,0.0430015
20,-0.084,0.0434598
20,-0.085,0.0439176
20,-0.086,0.0443749
20,-0.087,0.044831699999999995
20,-0.08800000000000001,0.045288
20,-0.08900000000000001,0.0457437
20,-0.09,0.0461989
20,-0.091,0.0466536
20,-0.092,0.0471077
20,-0.09300000000000001,0.0475612
20,-0.094,0.0480143
20,-0.095,0.0484671
20,-0.096,0.048846499999999994
20,-0.09699999999999999,0.0493001
20,-0.098,0.0497532
20,-0.099,0.0502058
20,-0.1,0.0506578
20,-0.10099999999999999,0.0511093
20,-0.102,0.0515602
20,-0.10300000000000001,0.0520106
20,-0.10400000000000001,0.0524605
20,-0.105,0.0529097
20,-0.106,0.05335840000000001
20,-0.107,0.05380650000000001
20,-0.10800000000000001,0.054254
20,-0.109,0.054700900000000004
20,-0.11,0.0551472
20,-0.111,0.0555929
20,-0.11199999999999999,0.056038199999999996
20,-0.113,0.0564511
20,-0.114,0.056897699999999996
20,-0.115,0.0573436
20,-0.11599999999999999,0.057788900000000004
20,-0.11699999999999999,0.0582336
20,-0.11800000000000001,0.05867769999999999
20,-0.11900000000000001,0.0591212
20,-0.12,0.059564
20,-0.121,0.0600062
20,-0.122,0.06044780000000001
20,-0.12300000000000001,0.0608887
20,-0.12400000000000001,0.0613289
20,-0.125,0.0617685
20,-0.126,0.062207500000000006
20,-0.127,0.0626458
20,-0.128,0.0630835
20,-0.129,0.0635217
20,-0.13,0.06392010000000001
20,-0.131,0.06435890000000001
20,-0.132,0.0647971
20,-0.133,0.06523469999999999
20,-0.134,0.0656716
20,-0.135,0.066108
20,-0.136,0.0665437
20,-0.13699999999999998,0.0669789
20,-0.138,0.06741339999999998
20,-0.139,0.06784730000000001
20,-0.14,0.06828060000000001
20,-0.141,0.0687134
20,-0.142,0.0691455
20,-0.14300000000000002,0.069577
20,-0.14400000000000002,0.07087230000000001
20,-0.145,0.0713081
20,-0.146,0.07170939999999999
20,-0.147,0.07214730000000001
20,-0.14800000000000002,0.0725846
20,-0.149,0.0730214
20,-0.15,0.07345750000000001
20,-0.151,0.0738931
20,-0.152,0.07432799999999999
20,-0.153,0.07476239999999999
20,-0.154,0.0751961
20,-0.155,0.0756292
20,-0.156,0.0760617
20,-0.157,0.07649360000000001
20,-0.158,0.0769248
20,-0.159,0.07735539999999999
20,-0.16,0.0777853
20,-0.161,0.07821489999999999
20,-0.162,0.07865189999999998
20,-0.163,0.0790839
20,-0.16399999999999998,0.0795153
20,-0.165,0.0799461
20,-0.166,0.0803762
20,-0.167,0.08080570000000001
20,-0.168,0.0812346
20,-0.16899999999999998,0.08166280000000001
20,-0.17,0.0820903
20,-0.171,0.0825172
20,-0.172,0.08294349999999999
20,-0.17300000000000001,0.083369
20,-0.174,0.08379389999999999
20,-0.17500000000000002,0.08421820000000001
20,-0.17600000000000002,0.08464169999999999
20,-0.177,0.0850665
20,-0.17800000000000002,0.085413
20,-0.179,0.0858389
20,-0.18,0.086264
20,-0.18100000000000002,0.0866886
20,-0.182,0.0871125
20,-0.18300000000000002,0.0875357
20,-0.184,0.0879583
20,-0.185,0.0883802
20,-0.18600000000000003,0.0888015
20,-0.187,0.0892221
20,-0.188,0.0896421
20,-0.189,0.09006130000000001
20,-0.19,0.0904799
20,-0.19100000000000003,0.09089789999999999
20,-0.192,0.0913158
20,-0.193,0.09173719999999999
20,-0.19399999999999998,0.0921206
20,-0.195,0.09254069999999999
20,-0.196,0.09296010000000002
20,-0.197,0.0933789
20,-0.198,0.093797
20,-0.19899999999999998,0.09421449999999999
20,-0.2,0.0946313
25,-0.045,0.0212613
25,-0.046,0.0216517
25,-0.047,0.0220417
25,-0.048,0.022431299999999998
25,-0.049,0.023046200000000003
25,-0.05,0.0234392
25,-0.051,0.023831900000000003
25,-0.052000000000000005,0.0242241
25,-0.053,0.024615900000000003
25,-0.054000000000000006,0.025007299999999996
25,-0.055,0.0253982
25,-0.055999999999999994,0.0257886
25,-0.057,0.0261786
25,-0.057999999999999996,0.026568
25,-0.059000000000000004,0.0269176
25,-0.06,0.0273077
25,-0.061,0.0276973
25,-0.062000000000000006,0.028086400000000004
25,-0.063,0.028475099999999996
25,-0.064,0.028863299999999998
25,-0.065,0.028962799999999997
25,-0.066,0.0293462
25,-0.067,0.029729000000000002
25,-0.068,0.0301113
25,-0.069,0.0304931
25,-0.07,0.030874400000000003
25,-0.071,0.0312551
25,-0.07200000000000001,0.0316353
25,-0.073,0.0320096
25,-0.07400000000000001,0.0323907
25,-0.075,0.0327712
25,-0.076,0.0331513
25,-0.077,0.033530800000000006
25,-0.078,0.033909800000000004
25,-0.079,0.0342882
25,-0.08,0.0346661
25,-0.081,0.0350434
25,-0.08199999999999999,0.0354202
25,-0.083,0.0357964
25,-0.084,0.036532300000000004
25,-0.085,0.0369111
25,-0.086,0.0372894
25,-0.087,0.037667400000000004
25,-0.08800000000000001,0.03797059999999999
25,-0.08900000000000001,0.038349400000000006
25,-0.09,0.0387276
25,-0.091,0.0391053
25,-0.092,0.0394824
25,-0.09300000000000001,0.039859
25,-0.094,0.040235
25,-0.095,0.0406105
25,-0.096,0.0409853
25,-0.09699999999999999,0.0413597
25,-0.098,0.0417334
25,-0.099,0.042106599999999994
25,-0.1,0.042479199999999995
25,-0.10099999999999999,0.042852
25,-0.102,0.043185400000000006
25,-0.10300000000000001,0.043559
25,-0.10400000000000001,0.043932099999999995
25,-0.105,0.0443046
25,-0.106,0.0446766
25,-0.107,0.0450481
25,-0.10800000000000001,0.045419
25,-0.109,0.0457894
25,-0.11,0.0461593
25,-0.111,0.0465286
25,-0.11199999999999999,0.0468973
25,-0.113,0.047265499999999995
25,-0.114,0.0476332
25,-0.115,0.0479614
25,-0.11599999999999999,0.0483309
25,-0.11699999999999999,0.0487
25,-0.11800000000000001,0.0490685
25,-0.11900000000000001,0.0494365
25,-0.12,0.049804
25,-0.121,0.050171
25,-0.122,0.0505374
25,-0.12300000000000001,0.050903199999999996
25,-0.12400000000000001,0.051268600000000004
25,-0.125,0.05163330000000001
25,-0.126,0.0519976
25,-0.127,0.0523612
25,-0.128,0.05272519999999999
25,-0.129,0.053050099999999996
25,-0.13,0.0534154
25,-0.131,0.0537802
25,-0.132,0.054144500000000005
25,-0.133,0.0545082
25,-0.134,0.054871300000000005
25,-0.135,0.0552339
25,-0.136,0.05559580000000001
25,-0.13699999999999998,0.0559572
25,-0.138,0.05631799999999999
25,-0.139,0.056678099999999995
25,-0.14,0.0570377
25,-0.141,0.057397000000000004
25,-0.142,0.0577572
25,-0.14300000000000002,0.0581187
25,-0.14400000000000002,0.05847959999999999
25,-0.145,0.058839800000000005
25,-0.146,0.059199400000000006
25,-0.147,0.05955830000000001
25,-0.14800000000000002,0.059916599999999993
25,-0.149,0.06027419999999999
25,-0.15,0.0606312
25,-0.151,0.0609875
25,-0.152,0.061342999999999995
25,-0.153,0.06169790000000001
25,-0.154,0.0620529
25,-0.155,0.06232819999999999
25,-0.156,0.062685
25,-0.157,0.06304109999999999
25,-0.158,0.06339650000000001
25,-0.159,0.0637512
25,-0.16,0.0641051
25,-0.161,0.06445840000000001
25,-0.162,0.0648109
25,-0.163,0.06516269999999999
25,-0.16399999999999998,0.0655137
25,-0.165,0.06586399999999999
25,-0.166,0.0662135
25,-0.167,0.0665646
25,-0.168,0.0668751
25,-0.16899999999999998,0.06722689999999999
25,-0.17,0.067578
25,-0.171,0.0679283
25,-0.172,0.0682779
25,-0.17300000000000001,0.0686267
25,-0.174,0.0689748
25,-0.17500000000000002,0.0693222
25,-0.17600000000000002,0.0696688
25,-0.177,0.0700147
25,-0.17800000000000002,0.0703598
25,-0.179,0.0707042
25,-0.18,0.07101039999999999
25,-0.18100000000000002,0.07135810000000001
25,-0.182,0.07170510000000001
25,-0.18300000000000002,0.07205139999999999
25,-0.184,0.072397
25,-0.185,0.0727418
25,-0.18600000000000003,0.0730859
25,-0.187,0.0734293
25,-0.188,0.07377189999999999
25,-0.189,0.07411380000000001
25,-0.19,0.0744549
25,-0.19100000000000003,0.0747953
25,-0.192,0.0751389
25,-0.193,0.0754403
25,-0.19399999999999998,0.0757837
25,-0.195,0.07612630000000001
25,-0.196,0.0764683
25,-0.197,0.0768094
25,-0.198,0.0771499
25,-0.19899999999999998,0.0774895
25,-0.2,0.0778284
30,-0.054000000000000006,0.021056099999999998
30,-0.055,0.0213727
30,-0.055999999999999994,0.021857299999999996
30,-0.057,0.0221765
30,-0.057999999999999996,0.0224572
30,-0.059000000000000004,0.0227775
30,-0.06,0.0230975
30,-0.061,0.0234173
30,-0.062000000000000006,0.0237368
30,-0.063,0.024056099999999997
30,-0.064,0.024375
30,-0.065,0.024693700000000002
30,-0.066,0.025012
30,-0.067,0.0255336
30,-0.068,0.0258541
30,-0.069,0.0261742
30,-0.07,0.0264875
30,-0.071,0.0268089
30,-0.07200000000000001,0.0271298
30,-0.073,0.027450400000000003
30,-0.07400000000000001,0.0277707
30,-0.075,0.028090499999999997
30,-0.076,0.0284099
30,-0.077,0.028728899999999998
30,-0.078,0.029047500000000004
30,-0.079,0.029365499999999996
30,-0.08,0.0296832
30,-0.081,0.030000299999999997
30,-0.08199999999999999,0.0302445
30,-0.083,0.0305629
30,-0.084,0.0308807
30,-0.085,0.0311981
30,-0.086,0.0315149
30,-0.087,0.0318313
30,-0.08800000000000001,0.0321472
30,-0.08900000000000001,0.0324625
30,-0.09,0.0327773
30,-0.091,0.0330915
30,-0.092,0.033405199999999996
30,-0.09300000000000001,0.03371830000000001
30,-0.094,0.033992400000000006
30,-0.095,0.0343069
30,-0.096,0.0346208
30,-0.09699999999999999,0.0352242
30,-0.098,0.0355397
30,-0.099,0.0358546
30,-0.1,0.036168900000000004
30,-0.10099999999999999,0.0364826
30,-0.102,0.0367957
30,-0.10300000000000001,0.0371082
30,-0.10400000000000001,0.0374201
30,-0.105,0.0376911
30,-0.106,0.0380046
30,-0.107,0.038317500000000004
30,-0.10800000000000001,0.0386299
30,-0.109,0.038941699999999996
30,-0.11,0.0392529
30,-0.111,0.0395635
30,-0.11199999999999999,0.0398735
30,-0.113,0.0401829
30,-0.114,0.0404917
30,-0.115,0.0408
30,-0.11599999999999999,0.0411077
30,-0.11699999999999999,0.041376199999999995
30,-0.11800000000000001,0.0416858
30,-0.11900000000000001,0.0419949
30,-0.12,0.0423034
30,-0.121,0.042611300000000005
30,-0.122,0.0429187
30,-0.12300000000000001,0.0432255
30,-0.12400000000000001,0.0435318
30,-0.125,0.043837400000000006
30,-0.126,0.0441425
30,-0.127,0.044447
30,-0.128,0.0447486
30,-0.129,0.0450554
30,-0.13,0.04536180000000001
30,-0.131,0.0456675
30,-0.132,0.0459727
30,-0.133,0.0462773
30,-0.134,0.046581300000000006
30,-0.135,0.0468846
30,-0.136,0.047187400000000004
30,-0.13699999999999998,0.04748959999999999
30,-0.138,0.0477911
30,-0.139,0.0480149
30,-0.14,0.0479217
30,-0.141,0.0482225
30,-0.142,0.048522699999999995
30,-0.14300000000000002,0.048822199999999996
30,-0.14400000000000002,0.0491211
30,-0.145,0.0494194
30,-0.146,0.049717000000000004
30,-0.147,0.050013800000000004
30,-0.14800000000000002,0.05031
30,-0.149,0.0506056
30,-0.15,0.0508616
30,-0.151,0.051159699999999995
30,-0.152,0.051457100000000006
30,-0.153,0.0517538
30,-0.154,0.0520497
30,-0.155,0.052345
30,-0.156,0.0526394
30,-0.157,0.052933100000000004
30,-0.158,0.0532261
30,-0.159,0.0535182
30,-0.16,0.0538111
30,-0.161,0.0540627
30,-0.162,0.05435689999999999
30,-0.163,0.054650300000000006
30,-0.16399999999999998,0.05494299999999999
30,-0.165,0.0552349
30,-0.166,0.055526099999999995
30,-0.167,0.0558164
30,-0.168,0.056105999999999996
30,-0.16899999999999998,0.0563947
30,-0.17,0.0566827
30,-0.171,0.0569297
30,-0.172,0.057220900000000005
30,-0.17300000000000001,0.0575112
30,-0.174,0.057800800000000006
30,-0.17500000000000002,0.058089699999999994
30,-0.17600000000000002,0.0583778
30,-0.177,0.0586651
30,-0.17800000000000002,0.058951699999999996
30,-0.179,0.0592375
30,-0.18,0.0595226
30,-0.18100000000000002,0.059809
30,-0.182,0.0600933
30,-0.18300000000000002,0.0603812
30,-0.184,0.0606684
30,-0.185,0.0609549
30,-0.18600000000000003,0.06124059999999999
30,-0.187,0.061525699999999996
30,-0.188,0.06180990000000001
30,-0.189,0.0620934
30,-0.19,0.06237619999999999
30,-0.19100000000000003,0.0626592
30,-0.192,0.0628596
30,-0.193,0.0631454
30,-0.19399999999999998,0.0634304
30,-0.195,0.0637147
30,-0.196,0.06399819999999999
30,-0.197,0.0642809
30,-0.198,0.0645628
30,-0.19899999999999998,0.0648439
30,-0.2,0.0651242
35,-0.064,0.021329499999999998
35,-0.065,0.021594099999999998
35,-0.066,0.0218586
35,-0.067,0.0221229
35,-0.068,0.0223804
35,-0.069,0.022794799999999997
35,-0.07,0.023062700000000002
35,-0.071,0.0233304
35,-0.07200000000000001,0.0235979
35,-0.073,0.023865200000000003
35,-0.07400000000000001,0.0241322
35,-0.075,0.024399
35,-0.076,0.0246656
35,-0.077,0.025099700000000003
35,-0.078,0.0253009
35,-0.079,0.0255708
35,-0.08,0.025840300000000004
35,-0.081,0.0261096
35,-0.08199999999999999,0.026378500000000003
35,-0.083,0.0266471
35,-0.084,0.0269154
35,-0.085,0.027183299999999997
35,-0.086,0.027450799999999997
35,-0.087,0.027717900000000004
35,-0.08800000000000001,0.0279473
35,-0.08900000000000001,0.0282161
35,-0.09,0.0286815
35,-0.091,0.028951599999999997
35,-0.092,0.0292211
35,-0.09300000000000001,0.0292875
35,-0.094,0.029554300000000002
35,-0.095,0.029820599999999996
35,-0.096,0.030086400000000003
35,-0.09699999999999999,0.0303517
35,-0.098,0.030578700000000004
35,-0.099,0.0308457
35,-0.1,0.031112200000000003
35,-0.10099999999999999,0.0313781
35,-0.102,0.0316436
35,-0.10300000000000001,0.0319085
35,-0.10400000000000001,0.0321728
35,-0.105,0.032436599999999996
35,-0.106,0.0326998
35,-0.107,0.0329624
35,-0.10800000000000001,0.0331867
35,-0.109,0.0334511
35,-0.11,0.033714999999999995
35,-0.111,0.0339783
35,-0.11199999999999999,0.034241
35,-0.113,0.0345031
35,-0.114,0.03476459999999999
35,-0.115,0.0350255
35,-0.11599999999999999,0.0352858
35,-0.11699999999999999,0.0355455
35,-0.11800000000000001,0.036049300000000006
35,-0.11900000000000001,0.036313
35,-0.12,0.036576199999999996
35,-0.121,0.036838699999999995
35,-0.122,0.0371006
35,-0.12300000000000001,0.0373619
35,-0.12400000000000001,0.037622699999999995
35,-0.125,0.0378828
35,-0.126,0.0381423
35,-0.127,0.0384023
35,-0.128,0.0385899
35,-0.129,0.038851199999999995
35,-0.13,0.039111900000000005
35,-0.131,0.039372000000000004
35,-0.132,0.0396315
35,-0.133,0.039890499999999995
35,-0.134,0.0401489
35,-0.135,0.0404066
35,-0.136,0.0406638
35,-0.13699999999999998,0.0408825
35,-0.138,0.0411423
35,-0.139,0.0414015
35,-0.14,0.041660199999999994
35,-0.141,0.041918199999999996
35,-0.142,0.0421756
35,-0.14300000000000002,0.0424324
35,-0.14400000000000002,0.0426885
35,-0.145,0.0429439
35,-0.146,0.0431591
35,-0.147,0.0434173
35,-0.14800000000000002,0.04367480000000001
35,-0.149,0.0439317
35,-0.15,0.044187800000000006
35,-0.151,0.044443199999999995
35,-0.152,0.044697900000000006
35,-0.153,0.0449518
35,-0.154,0.045204900000000006
35,-0.155,0.0454584
35,-0.156,0.045672199999999996
35,-0.157,0.045927300000000004
35,-0.158,0.046181599999999996
35,-0.159,0.046435199999999996
35,-0.16,0.046687900000000004
35,-0.161,0.0469397
35,-0.162,0.047190699999999995
35,-0.163,0.0474408
35,-0.16399999999999998,0.0476908
35,-0.165,0.0479367
35,-0.166,0.0481889
35,-0.167,0.0484403
35,-0.168,0.0486908
35,-0.16899999999999998,0.0489404
35,-0.17,0.0491892
35,-0.171,0.049437
35,-0.172,0.049684
35,-0.17300000000000001,0.049930800000000004
35,-0.174,0.050100900000000004
35,-0.17500000000000002,0.050350099999999995
35,-0.17600000000000002,0.0505984
35,-0.177,0.050845800000000003
35,-0.17800000000000002,0.0510924
35,-0.179,0.0513381
35,-0.18,0.051583000000000004
35,-0.18100000000000002,0.051827
35,-0.182,0.0520715
35,-0.18300000000000002,0.0522748
35,-0.184,0.052521500000000006
35,-0.185,0.0527673
35,-0.18600000000000003,0.053012300000000005
35,-0.187,0.053256500000000005
35,-0.188,0.0534999
35,-0.189,0.0537423
35,-0.19,0.05398390000000001
35,-0.19100000000000003,0.0542274
35,-0.192,0.054427699999999996
35,-0.193,0.0546722
35,-0.19399999999999998,0.0549158
35,-0.195,0.0551586
35,-0.196,0.0554005
35,-0.197,0.0556414
35,-0.198,0.05588150000000001
35,-0.19899999999999998,0.056120500000000004
35,-0.2,0.056317200000000005
40,-0.07400000000000001,0.0217229
40,-0.075,0.0218916
40,-0.076,0.0222492
40,-0.077,0.022350099999999998
40,-0.078,0.0225793
40,-0.079,0.0228082
40,-0.08,0.0230368
40,-0.081,0.0232653
40,-0.08199999999999999,0.0234934
40,-0.083,0.0237213
40,-0.084,0.0239155
40,-0.085,0.0241453
40,-0.086,0.0243748
40,-0.087,0.0246041
40,-0.08800000000000001,0.024977799999999998
40,-0.08900000000000001,0.025208
40,-0.09,0.025437900000000003
40,-0.091,0.025667500000000003
40,-0.092,0.025896699999999998
40,-0.09300000000000001,0.0260923
40,-0.094,0.0263235
40,-0.095,0.0265545
40,-0.096,0.0267851
40,-0.09699999999999999,0.027015300000000003
40,-0.098,0.0272452
40,-0.099,0.0274747
40,-0.1,0.027703700000000005
40,-0.10099999999999999,0.0279324
40,-0.102,0.0281279
40,-0.10300000000000001,0.0283585
40,-0.10400000000000001,0.0285887
40,-0.105,0.0288184
40,-0.106,0.0290476
40,-0.107,0.0294507
40,-0.10800000000000001,0.029680200000000004
40,-0.109,0.029909199999999997
40,-0.11,0.030130700000000003
40,-0.111,0.030361700000000002
40,-0.11199999999999999,0.0305921
40,-0.113,0.030821800000000003
40,-0.114,0.031050900000000003
40,-0.115,0.031279400000000006
40,-0.11599999999999999,0.0315072
40,-0.11699999999999999,0.0317343
40,-0.11800000000000001,0.0319608
40,-0.11900000000000001,0.032123700000000005
40,-0.12,0.032352099999999995
40,-0.121,0.0325798
40,-0.122,0.032806800000000004
40,-0.12300000000000001,0.0330332
40,-0.12400000000000001,0.033258800000000005
40,-0.125,0.0334838
40,-0.126,0.033708
40,-0.127,0.0338961
40,-0.128,0.0341225
40,-0.129,0.0343483
40,-0.13,0.034573400000000004
40,-0.131,0.03479790000000001
40,-0.132,0.0350215
40,-0.133,0.0352445
40,-0.134,0.0354667
40,-0.135,0.035651199999999994
40,-0.136,0.035875800000000006
40,-0.13699999999999998,0.0360998
40,-0.138,0.036544
40,-0.139,0.036767900000000006
40,-0.14,0.036991
40,-0.141,0.0372135
40,-0.142,0.037435199999999995
40,-0.14300000000000002,0.037656699999999994
40,-0.14400000000000002,0.0378423
40,-0.145,0.038066199999999994
40,-0.146,0.0382894
40,-0.147,0.038512
40,-0.14800000000000002,0.038734
40,-0.149,0.038955300000000005
40,-0.15,0.039176
40,-0.151,0.039396
40,-0.152,0.0396112
40,-0.153,0.0398344
40,-0.154,0.040057
40,-0.155,0.0402789
40,-0.156,0.0405
40,-0.157,0.0407205
40,-0.158,0.0409401
40,-0.159,0.041158999999999994
40,-0.16,0.0413108
40,-0.161,0.0415327
40,-0.162,0.0417537
40,-0.163,0.0419739
40,-0.16399999999999998,0.04219319999999999
40,-0.165,0.0424116
40,-0.166,0.042373400000000006
40,-0.167,0.0425888
40,-0.168,0.042768099999999996
40,-0.16899999999999998,0.0429864
40,-0.17,0.0432038
40,-0.171,0.0434204
40,-0.172,0.043636
40,-0.17300000000000001,0.04385069999999999
40,-0.174,0.0440645
40,-0.17500000000000002,0.0442783
40,-0.17600000000000002,0.0444551
40,-0.177,0.0446714
40,-0.17800000000000002,0.044886800000000004
40,-0.179,0.045101300000000004
40,-0.18,0.045315
40,-0.18100000000000002,0.0455278
40,-0.182,0.0457397
40,-0.18300000000000002,0.045952999999999994
40,-0.184,0.0461279
40,-0.185,0.0463426
40,-0.18600000000000003,0.0465565
40,-0.187,0.0467695
40,-0.188,0.046981699999999994
40,-0.189,0.047193
40,-0.19,0.0474033
40,-0.19100000000000003,0.0476077
40,-0.192,0.0478219
40,-0.193,0.0480353
40,-0.19399999999999998,0.0482477
40,-0.195,0.0484592
40,-0.196,0.048669699999999996
40,-0.197,0.0488792
40,-0.198,0.049088400000000004
40,-0.19899999999999998,0.0492275
40,-0.2,0.0494398
45,-0.08199999999999999,0.021731599999999997
45,-0.083,0.021933599999999998
45,-0.084,0.0221352
45,-0.085,0.022336500000000002
45,-0.086,0.0225375
45,-0.087,0.022738
45,-0.08800000000000001,0.0229383
45,-0.08900000000000001,0.023108700000000003
45,-0.09,0.023310900000000002
45,-0.091,0.0235127
45,-0.092,0.0237143
45,-0.09300000000000001,0.0239155
45,-0.094,0.024116400000000003
45,-0.095,0.024316900000000002
45,-0.096,0.0245174
45,-0.09699999999999999,0.024688099999999998
45,-0.098,0.0248905
45,-0.099,0.0250925
45,-0.1,0.0252943
45,-0.10099999999999999,0.0254957
45,-0.102,0.0256967
45,-0.10300000000000001,0.025897399999999998
45,-0.10400000000000001,0.0260901
45,-0.105,0.0264327
45,-0.106,0.0266363
45,-0.107,0.0268395
45,-0.10800000000000001,0.027042200000000002
45,-0.109,0.027244400000000002
45,-0.11,0.0274462
45,-0.111,0.0276474
45,-0.11199999999999999,0.027793599999999998
45,-0.113,0.027996899999999998
45,-0.114,0.0281997
45,-0.115,0.0284019
45,-0.11599999999999999,0.028603500000000004
45,-0.11699999999999999,0.0288045
45,-0.11800000000000001,0.0290048
45,-0.11900000000000001,0.0291722
45,-0.12,0.029374599999999997
45,-0.121,0.029576400000000003
45,-0.122,0.0297776
45,-0.12300000000000001,0.029977999999999998
45,-0.12400000000000001,0.0301777
45,-0.125,0.0303767
45,-0.126,0.030575
45,-0.127,0.030741900000000003
45,-0.128,0.0309425
45,-0.129,0.031142400000000004
45,-0.13,0.0313415
45,-0.131,0.03154
45,-0.132,0.0317377
45,-0.133,0.0319348
45,-0.134,0.0322725
45,-0.135,0.0324731
45,-0.136,0.0326731
45,-0.13699999999999998,0.0328725
45,-0.138,0.0330711
45,-0.139,0.033091699999999995
45,-0.14,0.0332879
45,-0.141,0.0334842
45,-0.142,0.03367390000000001
45,-0.14300000000000002,0.0338723
45,-0.14400000000000002,0.0340702
45,-0.145,0.0342673
45,-0.146,0.0344638
45,-0.147,0.0346596
45,-0.14800000000000002,0.034854699999999995
45,-0.149,0.034992800000000004
45,-0.15,0.0351907
45,-0.151,0.035388
45,-0.152,0.035584500000000005
45,-0.153,0.0357802
45,-0.154,0.035975099999999996
45,-0.155,0.03616919999999999
45,-0.156,0.036330699999999994
45,-0.157,0.0365278
45,-0.158,0.036723900000000004
45,-0.159,0.03691919999999999
45,-0.16,0.0371135
45,-0.161,0.037306900000000004
45,-0.162,0.0374994
45,-0.163,0.0376586
45,-0.16399999999999998,0.037854
45,-0.165,0.0380484
45,-0.166,0.038242
45,-0.167,0.0384345
45,-0.168,0.0386261
45,-0.16899999999999998,0.038816699999999996
45,-0.17,0.0389735
45,-0.171,0.0391672
45,-0.172,0.03936
45,-0.17300000000000001,0.039551800000000005
45,-0.174,0.0397427
45,-0.17500000000000002,0.0399327
45,-0.17600000000000002,0.040121699999999996
45,-0.177,0.0403029
45,-0.17800000000000002,0.0404954
45,-0.179,0.040687
45,-0.18,0.0408778
45,-0.18100000000000002,0.041067599999999996
45,-0.182,0.0412565
45,-0.18300000000000002,0.0414446
45,-0.184,0.0415728
45,-0.185,0.041764499999999996
45,-0.18600000000000003,0.04195530000000001
45,-0.187,0.0421452
45,-0.188,0.042334199999999995
45,-0.189,0.042522199999999996
45,-0.19,0.0427093
45,-0.19100000000000003,0.0428637
45,-0.192,0.0430546
45,-0.193,0.0432445
45,-0.19399999999999998,0.0436673
45,-0.195,0.043856
45,-0.196,0.0440437
45,-0.197,0.044231099999999995
45,-0.198,0.0443851
45,-0.19899999999999998,0.0445754
45,-0.2,0.044764599999999995
50,-0.084,0.020864599999999997
50,-0.085,0.021017700000000004
50,-0.086,0.0212007
50,-0.087,0.0213834
50,-0.08800000000000001,0.021565599999999997
50,-0.08900000000000001,0.0217474
50,-0.09,0.0219287
50,-0.091,0.0221095
50,-0.092,0.0222614
50,-0.09300000000000001,0.022444
50,-0.094,0.0226261
50,-0.095,0.0228078
50,-0.096,0.0229889
50,-0.09699999999999999,0.0231696
50,-0.098,0.0233498
50,-0.099,0.0235211
50,-0.1,0.0237033
50,-0.10099999999999999,0.0238852
50,-0.102,0.0240667
50,-0.10300000000000001,0.0242477
50,-0.10400000000000001,0.024428400000000003
50,-0.105,0.024608599999999998
50,-0.106,0.024739700000000003
50,-0.107,0.0249221
50,-0.10800000000000001,0.0251042
50,-0.109,0.0252858
50,-0.11,0.0254669
50,-0.111,0.0256476
50,-0.11199999999999999,0.0258279
50,-0.113,0.0259796
50,-0.114,0.026162099999999997
50,-0.115,0.0263441
50,-0.11599999999999999,0.026525599999999996
50,-0.11699999999999999,0.0267065
50,-0.11800000000000001,0.0268868
50,-0.11900000000000001,0.027066500000000004
50,-0.12,0.0272181
50,-0.121,0.0274
50,-0.122,0.0275812
50,-0.12300000000000001,0.0277617
50,-0.12400000000000001,0.027941399999999998
50,-0.125,0.0281204
50,-0.126,0.0282988
50,-0.127,0.0284497
50,-0.128,0.0286301
50,-0.129,0.028809699999999997
50,-0.13,0.028988599999999996
50,-0.131,0.029166700000000004
50,-0.132,0.029343900000000003
50,-0.133,0.0295121
50,-0.134,0.0296918
50,-0.135,0.0298707
50,-0.136,0.030048900000000003
50,-0.13699999999999998,0.0302264
50,-0.138,0.0304031
50,-0.139,0.030579000000000002
50,-0.14,0.030705700000000002
50,-0.141,0.030884300000000003
50,-0.142,0.0310622
50,-0.14300000000000002,0.0312395
50,-0.14400000000000002,0.031263599999999996
50,-0.145,0.0315918
50,-0.146,0.0317368
50,-0.147,0.0319155
50,-0.14800000000000002,0.0320934
50,-0.149,0.032270599999999997
50,-0.15,0.0324471
50,-0.151,0.0326229
50,-0.152,0.032797900000000005
50,-0.153,0.0329443
50,-0.154,0.0331222
50,-0.155,0.033299300000000004
50,-0.156,0.033475599999999994
50,-0.157,0.033651099999999996
50,-0.158,0.0338256
50,-0.159,0.0339693
50,-0.16,0.034146699999999995
50,-0.161,0.0343232
50,-0.162,0.03449869999999999
50,-0.163,0.034673199999999994
50,-0.16399999999999998,0.0348467
50,-0.165,0.0350191
50,-0.166,0.0351848
50,-0.167,0.035360199999999994
50,-0.168,0.0355346
50,-0.16899999999999998,0.0357079
50,-0.17,0.035880300000000004
50,-0.171,0.036051599999999996
50,-0.172,0.036171800000000004
50,-0.17300000000000001,0.0363462
50,-0.174,0.0365196
50,-0.17500000000000002,0.0366921
50,-0.17600000000000002,0.036863599999999996
50,-0.177,0.037034199999999996
50,-0.17800000000000002,0.0371737
50,-0.179,0.0373477
50,-0.18,0.0375209
50,-0.18100000000000002,0.037693199999999996
50,-0.182,0.0378646
50,-0.18300000000000002,0.0380351
50,-0.184,0.0382059
50,-0.185,0.0383477
50,-0.18600000000000003,0.0385211
50,-0.187,0.038693599999999995
50,-0.188,0.038865300000000005
50,-0.189,0.039036
50,-0.19,0.0392061
50,-0.19100000000000003,0.039347900000000005
50,-0.192,0.0395214
50,-0.193,0.039694
50,-0.19399999999999998,0.0398655
50,-0.195,0.040035900000000006
50,-0.196,0.040205300000000006
50,-0.197,0.040367400000000005
50,-0.198,0.0405404
50,-0.19899999999999998,0.04071230000000001
50,-0.2,0.0408829
